Account Number,Name,PIN,Balance,Display
1,LujensP,3589,486261.0416,Lujens
2,SamK,7854,5878911.02,Sam
3,JeffT,5634,23523.33,Jeff
4,PhilB,4537,1342311.12,Phil
5,MattM,7824,123.44,Matt
6,ChrisB,7453,1354.21,Chris
7,DinaD,4378,24677.67,Dina
8,DominicF,4573,68649.77,Dominic
9,PaulT,4387,2566.32,Paul
10,TinaY,4537,446654.44,Tina
11,GuerdithW,1163,23454.44,Guerdith
12,ElonM,5645,57456.11,Elon
13,PaulN,7572,563.11,Paul
14,JeanP,2245,578.88,Jean
15,CarolsC,4237,16858.88,Carols
16,KevinM,7273,457347.88,Kevin
17,JohnD,4264,367.88,John
18,AnnaK,2605,3214.66,Anna
19,MaxB,1207,56789.33,Max
,,,,
,,,,
,,,,
,,,,
,,,,
,,,,
,,,,
,,,,
,,,,
,,,,
,,,,
,,,,
,,,,
,,,,
,,,,
,,,,
,,,,
,,,,
,,,,
,,,,
,,,,
,,,,
,,,,
,,,,
,,,,
,,,,
,,,,
,,,,
,,,,
,,,,
,,,,
,,,,
,,,,
,,,,
,,,,
,,,,
,,,,
,,,,
,,,,
,,,,
,,,,
,,,,
,,,,
,,,,
,,,,
,,,,
,,,,
,,,,
,,,,
,,,,
,,,,
,,,,
,,,,
,,,,
,,,,
,,,,
,,,,
,,,,
,,,,
,,,,
,,,,
,,,,
,,,,
,,,,
,,,,
,,,,
,,,,
,,,,
,,,,
,,,,
,,,,
,,,,
,,,,
,,,,
,,,,
,,,,
,,,,
,,,,
,,,,
,,,,
,,,,
,,,,
,,,,
,,,,
,,,,
,,,,
,,,,
,,,,
,,,,
,,,,
,,,,
,,,,
,,,,
,,,,
,,,,
,,,,
,,,,
,,,,
,,,,
,,,,
,,,,
,,,,
,,,,
,,,,
,,,,
,,,,
,,,,
,,,,
,,,,
,,,,
